<?xml version="1.0" encoding="utf-8"?>
<soap:Envelope xmlns:xsi="http://www.w3.org/2001/XMLSchema-instance" xmlns:xsd="http://www.w3.org/2001/XMLSchema" xmlns:soap="http://schemas.xmlsoap.org/soap/envelope/">
  <soap:Body>
    <GetCompactData xmlns="http://ec.europa.eu/eurostat/sri/service/2.0">
      <Query>
        <QueryMessage xmlns="http://www.SDMX.org/resources/SDMXML/schemas/v2_0/message">
  <Header>
    <ID>UNKNOWN</ID>
    <Test>false</Test>
    <Prepared>2015-07-07T17:14:09.9812941+02:00</Prepared>
    <Sender id="UNKNOWN" />
    <Receiver id="unknown" />
  </Header>
  <Query>
    <DataWhere xmlns="http://www.SDMX.org/resources/SDMXML/schemas/v2_0/query">
      <And>
        <Dimension id="FREQ">Q</Dimension>
        <Dimension id="ITTER107">IT</Dimension>
        <Dimension id="TIP_INDI">SERV_PRIC1</Dimension>
        <Dataflow>145_376</Dataflow>
        <Or>
          <Dimension id="ATECO_2007">53100</Dimension>
          <Dimension id="ATECO_2007">53</Dimension>
        </Or>
      </And>
    </DataWhere>
  </Query>
</QueryMessage>
      </Query>
    </GetCompactData>
  </soap:Body>
</soap:Envelope>